City_ID,City,Cloudiness,Country,Date,Humidity,Lat,Lng,Max Temp,Wind Speed
0,umm lajj,0,SA,1517354534,88,25.02,37.27,63.85,16.44
1,bathsheba,75,BB,1517353200,83,13.22,-59.52,77.0,14.99
2,hobart,40,AU,1517351400,58,-42.88,147.33,53.6,16.11
3,kapit,76,MY,1517354538,96,2.02,112.94,71.59,2.68
4,mar del plata,64,AR,1517354539,41,-46.43,-67.52,61.24,20.24
5,tupik,32,RU,1517354540,49,54.43,119.94,-31.47,1.9
6,namibe,20,AO,1517354540,100,-15.19,12.15,75.82,5.14
7,atocha,75,EC,1517353200,52,-1.22,-78.6,64.4,12.75
8,mortka,8,RU,1517354541,71,59.33,66.02,7.01,5.7
9,saint-joseph,75,FR,1517353200,81,43.56,6.97,51.8,3.36
10,chambas,75,CU,1517352600,83,22.19,-78.91,73.4,16.11
11,ushuaia,40,AR,1517353200,65,-54.81,-68.31,48.2,27.51
12,trairi,48,BR,1517354543,100,-3.28,-39.27,80.86,15.77
13,umm kaddadah,0,SD,1517354544,43,13.6,26.69,50.98,12.19
14,chuy,0,UY,1517354545,83,-33.69,-53.46,72.08,13.09
15,albany,90,US,1517353620,79,42.65,-73.75,21.2,6.93
16,bay roberts,90,CA,1517351820,100,47.58,-53.28,33.8,16.11
17,zeya,0,RU,1517354547,48,53.74,127.27,-30.52,2.13
18,honningsvag,20,NO,1517350800,73,70.98,25.97,23.0,13.87
19,rikitea,56,PF,1517354549,100,-23.12,-134.97,79.33,15.21
20,saint-nazaire,90,FR,1517353200,100,47.27,-2.21,48.2,9.17
21,plaster rock,90,CA,1517352960,56,46.91,-67.4,12.2,14.99
22,kapaa,1,US,1517352960,54,22.08,-159.32,82.4,20.8
23,flinders,90,AU,1517349600,63,-34.58,150.85,64.4,12.75
24,esperance,20,TT,1517349600,69,10.24,-61.45,80.6,9.17
25,sisimiut,8,GL,1517354554,71,66.94,-53.67,-16.66,2.57
26,changchun,20,CN,1517349600,69,43.88,125.32,-11.21,4.47
27,curup,8,ID,1517354555,81,-3.47,102.53,70.19,0.56
28,shimoda,8,JP,1517354555,100,34.7,138.93,44.18,8.39
29,qostanay,0,KZ,1517351400,58,53.17,63.58,-5.81,4.47
30,chokurdakh,0,RU,1517354575,82,70.62,147.9,-18.46,7.05
31,mataura,12,NZ,1517354578,36,-46.19,168.86,83.38,26.4
32,padang,0,ID,1517354580,100,-0.92,100.36,82.12,3.58
33,baruun-urt,24,MN,1517354581,48,46.68,113.28,-10.36,5.59
34,torbay,90,CA,1517351820,100,47.66,-52.73,33.8,16.11
35,maracaju,36,BR,1517354582,91,-21.61,-55.17,76.04,3.36
36,faanui,80,PF,1517354583,100,-16.48,-151.75,80.36,6.71
37,ust-maya,64,RU,1517354583,51,60.42,134.54,-30.93,2.68
38,port hardy,90,CA,1517352720,86,50.7,-127.42,41.0,8.05
39,new norfolk,40,AU,1517351400,58,-42.78,147.06,53.6,16.11
40,pevek,44,RU,1517354585,78,69.7,170.27,11.56,6.71
41,port alfred,92,ZA,1517354586,92,-33.59,26.89,70.01,12.64
42,adrar,0,DZ,1517353200,9,27.87,-0.29,62.6,13.87
43,longyearbyen,0,NO,1517352600,71,78.22,15.63,5.0,14.99
44,juneau,75,US,1517352960,45,58.3,-134.42,30.2,3.36
45,upernavik,8,GL,1517354588,100,72.79,-56.15,-3.07,0.45
46,dobryanka,0,RU,1517351400,43,58.45,56.42,10.4,8.95
47,hilo,1,US,1517352960,69,19.71,-155.08,80.6,16.11
48,nemuro,0,JP,1517354591,100,43.32,145.57,26.77,15.21
49,tiksi,48,RU,1517354592,75,71.64,128.87,-37.68,3.13
50,agadir,40,MA,1517353200,62,30.42,-9.58,53.6,1.12
51,avarua,90,CK,1517353200,83,-21.21,-159.78,80.6,6.93
52,victoria,90,BN,1517351400,94,5.28,115.24,75.2,2.35
53,ilulissat,75,GL,1517352600,71,69.22,-51.1,6.8,18.34
54,jamestown,92,AU,1517354464,81,-33.21,138.6,55.39,15.77
55,bilibino,0,RU,1517354596,62,68.06,166.44,6.56,2.57
56,shiyan,0,CN,1517354598,61,32.65,110.78,22.27,5.82
57,lebu,20,ET,1517353200,62,8.96,38.73,55.4,9.17
58,wuchi,0,NG,1517354598,27,13.33,5.43,62.68,12.41
59,fortuna,20,ES,1517353200,81,38.18,-1.13,51.8,4.7
60,dikson,80,RU,1517354600,95,73.51,80.55,11.69,10.07
61,tuktoyaktuk,90,CA,1517349600,75,69.44,-133.03,-16.61,3.36
62,hithadhoo,8,MV,1517354601,100,-0.6,73.08,81.26,6.49
63,katsuura,20,JP,1517349600,74,33.93,134.5,30.2,4.7
64,pangnirtung,20,CA,1517349600,67,66.15,-65.72,-22.01,2.24
65,ostrovnoy,68,RU,1517354605,94,68.05,39.51,9.89,3.36
66,arica,0,CL,1517353200,60,-18.48,-70.32,71.6,6.93
67,bria,0,CF,1517354608,52,6.54,21.99,65.92,11.41
68,klaksvik,88,FO,1517352600,99,62.23,-6.59,37.4,9.17
69,norman wells,75,CA,1517349600,68,65.28,-126.83,-20.21,3.36
70,mahajanga,40,MG,1517353200,88,-15.72,46.32,77.0,6.26
71,road town,20,VG,1517353200,61,18.42,-64.62,77.0,6.93
72,west wendover,1,US,1517349360,45,40.74,-114.07,48.2,10.29
73,chumikan,44,RU,1517354617,54,54.72,135.31,-4.87,14.32
74,atuona,56,PF,1517354617,100,-9.8,-139.03,81.53,15.21
75,busselton,44,AU,1517354619,100,-33.64,115.35,66.23,20.8
76,puerto ayora,20,EC,1517353200,62,-0.74,-90.35,84.2,12.75
77,lazaro cardenas,40,MX,1517352240,30,28.39,-105.62,64.4,5.82
78,ponta do sol,36,BR,1517354622,96,-20.63,-46.0,68.39,2.57
79,hovd,0,NO,1517352600,50,63.83,10.7,35.6,9.17
80,hermanus,88,ZA,1517354624,98,-34.42,19.24,62.05,4.36
81,vanavara,64,RU,1517354624,77,60.35,102.28,-4.24,4.81
82,coos bay,20,US,1517354100,62,43.37,-124.22,51.8,5.82
83,san policarpo,20,PH,1517354632,97,12.18,125.51,79.96,10.4
84,bluff,0,AU,1517354633,63,-23.58,149.07,86.66,7.16
85,cherskiy,12,RU,1517354634,74,68.75,161.3,20.69,8.5
86,butaritari,76,KI,1517354635,100,3.07,172.79,82.16,15.99
87,maragogi,100,BR,1517354636,91,-9.01,-35.22,77.71,8.72
88,yulara,40,AU,1517349600,88,-25.24,130.99,68.0,10.29
89,arraial do cabo,80,BR,1517354638,100,-22.97,-42.02,71.68,6.93
90,tocopilla,24,CL,1517354706,90,-22.09,-70.2,66.1,4.92
91,cape town,20,ZA,1517353200,72,-33.93,18.42,66.2,21.92
92,suluq,75,LY,1517353020,93,31.67,20.25,48.2,3.8
93,touros,92,BR,1517354712,85,-5.2,-35.46,80.5,12.41
94,manokwari,36,ID,1517354713,100,-0.87,134.08,81.31,7.61
95,alofi,92,NU,1517354684,100,-19.06,-169.92,79.73,21.92
96,lavrentiya,0,RU,1517354714,100,65.58,-170.99,20.56,7.05
97,khatanga,68,RU,1517354714,71,71.98,102.47,-15.99,3.47
98,itarema,36,BR,1517354715,91,-2.92,-39.92,77.84,9.4
99,thompson,90,CA,1517352840,70,55.74,-97.86,-4.01,14.99
100,coahuayana,64,MX,1517354716,33,18.62,-100.35,72.22,0.89
101,volga,1,US,1517354100,72,44.32,-96.93,32.0,14.99
102,haines junction,76,CA,1517354718,74,60.75,-137.51,-5.46,2.57
103,ergani,0,TR,1517352600,92,38.27,39.76,30.2,4.7
104,gurdaha,0,IN,1517351400,87,22.73,88.76,60.8,3.69
105,carnarvon,0,ZA,1517354719,56,-30.97,22.13,65.38,16.78
106,punta arenas,40,CL,1517353200,92,-53.16,-70.91,50.0,18.34
107,saldanha,0,PT,1517354720,81,41.42,-6.55,25.01,3.69
108,bambous virieux,40,MU,1517353200,83,-20.34,57.76,80.6,5.82
109,derzhavinsk,8,KZ,1517354721,66,51.1,66.31,-9.06,11.97
110,sonoita,1,US,1517353080,7,31.68,-110.66,78.8,3.36
111,changji,88,CN,1517354722,78,32.07,116.17,26.63,7.94
112,nikolskoye,75,RU,1517351400,85,59.7,30.79,21.2,8.95
113,kahului,20,US,1517352960,69,20.89,-156.47,78.8,19.46
114,balkanabat,0,TM,1517354724,70,39.51,54.36,8.95,2.01
115,coronado,20,PA,1517349600,62,8.53,-79.9,86.0,13.87
116,camocim,56,BR,1517354725,90,-2.9,-40.84,77.93,10.4
117,saskylakh,68,RU,1517354736,46,71.97,114.09,-28.72,4.03
118,broken hill,32,AU,1517354744,53,-31.97,141.45,65.47,20.69
119,praia da vitoria,75,PT,1517353200,72,38.73,-27.07,59.0,11.97
120,mehran,0,IR,1517353200,85,33.12,46.17,24.8,4.7
121,port elizabeth,90,US,1517353920,92,39.31,-74.98,30.2,16.11
122,praia,90,BR,1517349600,94,-20.25,-43.81,68.0,3.36
123,mogadishu,44,SO,1517354753,100,2.04,45.34,77.03,23.26
124,labuhan,36,ID,1517354773,67,-2.54,115.51,79.46,0.89
125,beira,40,ES,1517353200,100,43.2,-8.36,41.0,3.36
126,nioro,12,GM,1517354775,31,13.79,-15.05,74.29,10.96
127,nayoro,76,JP,1517354775,75,44.36,142.46,20.56,6.6
128,petropavlovsk-kamchatskiy,90,RU,1517351400,100,53.05,158.65,30.2,4.47
129,jinxiang,92,CN,1517354786,67,35.07,116.31,22.94,2.91
130,iracoubo,80,GF,1517354788,80,5.48,-53.21,78.43,5.7
131,kalakamati,32,BW,1517354789,93,-20.59,27.31,63.4,2.91
132,jacqueville,0,CI,1517353200,94,5.21,-4.42,80.6,3.36
133,causapscal,64,CA,1517354790,64,48.35,-67.23,3.14,7.38
134,mahebourg,40,MU,1517353200,83,-20.41,57.7,80.6,5.82
135,los aquijes,0,PE,1517353200,69,-14.1,-75.69,75.2,23.04
136,narragansett,90,US,1517352960,100,41.45,-71.45,37.4,6.93
137,sao filipe,0,CV,1517354793,99,14.9,-24.5,69.43,20.8
138,tunceli,0,TR,1517352600,92,39.11,39.55,30.2,4.7
139,huarmey,12,PE,1517354793,68,-10.07,-78.15,70.87,3.36
140,deputatskiy,0,RU,1517354794,60,69.3,139.9,-34.57,4.03
141,san cristobal,75,EC,1517353200,52,-0.39,-78.55,64.4,12.75
142,georgetown,0,GY,1517353200,83,6.8,-58.16,78.8,9.17
143,rio gallegos,75,AR,1517353200,58,-51.62,-69.22,53.6,27.51
144,bulgan,0,MN,1517354797,63,48.81,103.53,-2.58,9.62
145,kuusamo,90,FI,1517352600,85,65.96,29.19,21.2,2.24
146,shenjiamen,92,CN,1517354801,100,29.96,122.3,42.88,16.11
147,calatayud,0,ES,1517353200,81,41.35,-1.64,42.8,5.82
148,gizo,20,IL,1517352600,93,31.8,34.94,48.2,3.36
149,celestun,48,MX,1517354688,100,20.87,-90.4,71.81,25.39
150,saint-philippe,90,CA,1517354100,72,45.36,-73.48,17.6,3.36
151,nicoya,20,CR,1517353200,55,10.15,-85.45,86.0,26.4
152,bredasdorp,12,ZA,1517353200,68,-34.53,20.04,68.0,9.17
153,san felipe,0,CL,1517353200,32,-32.75,-70.73,80.6,13.87
154,edson,1,CA,1517349600,85,53.59,-116.44,17.6,4.7
155,springdale,5,US,1517353080,29,36.19,-94.13,48.2,11.41
156,ibra,12,OM,1517354815,92,22.69,58.55,53.59,2.24
157,santa rosa,0,AR,1517354818,18,-36.62,-64.29,80.68,9.06
158,sioux lookout,90,CA,1517352060,84,50.1,-91.92,10.4,13.87
159,kontagora,0,NG,1517354820,33,10.4,5.47,69.07,12.41
160,shalazhi,32,RU,1517354821,80,43.1,45.36,26.68,1.68
161,vaini,0,IN,1517354824,53,15.34,74.49,58.49,6.15
162,krzeszowice,75,PL,1517353200,64,50.13,19.63,37.4,9.17
163,tigil,64,RU,1517354827,84,57.8,158.67,33.88,14.54
164,yellowknife,40,CA,1517349600,69,62.45,-114.38,-9.41,16.11
165,luwingu,92,ZM,1517354829,96,-10.26,29.92,61.51,4.36
166,salym,8,RU,1517354830,76,60.06,71.48,3.14,6.38
167,hay river,75,CA,1517349600,76,60.82,-115.79,-9.41,10.29
168,razole,0,IN,1517354831,100,16.48,81.84,75.91,5.14
169,silvassa,0,IN,1517354831,73,20.27,73.0,54.67,2.57
170,yinchuan,0,CN,1517354832,60,38.48,106.21,-15.36,2.57
171,tierralta,12,CO,1517354832,71,8.17,-76.06,81.89,7.49
172,port-gentil,40,GA,1517353200,83,-0.72,8.78,82.4,4.7
173,roros,48,NO,1517352600,84,62.57,11.38,8.6,5.82
174,little current,1,CA,1517349600,65,45.98,-81.93,8.6,8.05
175,sao joao da barra,92,BR,1517354836,100,-21.64,-41.05,72.26,14.76
176,coihaique,40,CL,1517353200,60,-45.58,-72.07,51.8,11.41
177,souillac,90,FR,1517353200,76,45.6,-0.6,48.2,4.7
178,beloha,56,MG,1517354838,98,-25.17,45.06,69.11,4.59
179,changying,0,CN,1517354839,64,52.87,123.32,-15.22,5.03
180,barrow,0,AR,1517354578,48,-38.31,-60.23,69.97,17.11
181,qaanaaq,24,GL,1517354839,100,77.48,-69.36,-17.97,6.38
182,chingirlau,0,KZ,1517354840,77,51.09,54.08,-3.57,10.07
183,buin,0,CL,1517353200,32,-33.73,-70.74,82.4,8.05
184,gao,32,ML,1517354841,69,16.28,-0.04,64.88,8.95
185,naze,24,NG,1517353200,73,5.43,7.07,73.4,6.71
186,havelock,1,US,1517353080,44,34.88,-76.9,39.2,11.41
187,daru,0,SL,1517354842,53,7.99,-10.85,77.44,4.36
188,vardo,40,US,1517354100,49,39.62,-77.74,28.4,23.04
189,george,8,NG,1517353200,88,6.63,3.35,80.6,2.24
190,okhotsk,76,RU,1517354844,81,59.36,143.24,25.01,26.73
191,kavaratti,0,IN,1517354844,100,10.57,72.64,81.85,9.73
192,castro,76,CL,1517354845,77,-42.48,-73.76,53.86,5.59
193,hamilton,90,BM,1517352900,87,32.3,-64.78,60.8,21.92
194,juatuba,75,BR,1517353200,94,-19.95,-44.34,68.0,5.82
195,pemberton,12,AU,1517354847,60,-34.44,116.03,65.83,14.99
196,lompoc,1,US,1517352960,30,34.64,-120.46,78.8,11.41
197,viedma,0,AR,1517354847,26,-40.81,-62.99,67.54,7.72
198,tasiilaq,88,GL,1517352600,92,65.61,-37.64,24.8,2.24
199,narsaq,0,GL,1517352600,68,60.91,-46.05,24.8,5.82
200,aklavik,90,CA,1517349600,75,68.22,-135.01,-13.01,3.36
201,pringsewu,0,ID,1517354850,90,-5.36,104.98,73.93,2.68
202,gat,0,SN,1517354850,47,14.69,-16.54,65.65,13.65
203,muncar,32,ID,1517354851,100,-8.43,114.34,78.11,4.25
204,bubaque,0,GW,1517353200,38,11.28,-15.83,75.2,5.82
205,sitka,0,US,1517354852,23,37.17,-99.65,61.87,15.43
206,asyut,0,EG,1517349600,93,27.18,31.19,48.2,11.41
207,leningradskiy,0,RU,1517354853,81,69.38,178.42,15.83,9.62
208,ribeira grande,24,PT,1517354854,100,38.52,-28.7,59.35,10.74
209,geraldton,90,CA,1517349600,65,49.72,-86.95,3.2,8.05
210,mantua,75,IT,1517352900,93,45.16,10.79,42.8,4.7
211,half moon bay,75,US,1517352960,55,37.46,-122.43,69.8,4.7
212,taguatinga,40,BR,1517353200,69,-15.83,-48.06,75.2,2.24
213,yar-sale,80,RU,1517354856,89,66.83,70.83,2.02,12.19
214,coquimbo,20,CL,1517353200,77,-29.95,-71.34,62.6,9.17
215,ambon,90,FR,1517353200,100,47.55,-2.56,48.2,9.17
216,laguna,40,MX,1517352240,19,27.52,-110.01,87.8,9.17
217,hasaki,75,JP,1517351400,86,35.73,140.83,28.4,3.36
218,lagoa,0,PT,1517353200,48,37.14,-8.45,60.8,21.92
219,taltal,8,CL,1517354859,75,-25.41,-70.49,62.23,2.35
220,faya,40,SA,1517353200,81,18.39,42.45,50.0,9.17
221,morant bay,20,JM,1517349600,70,17.88,-76.41,84.2,11.41
222,carinhanha,56,BR,1517354862,79,-14.3,-43.77,77.08,7.72
223,solone,0,UA,1517353200,80,48.2,34.88,35.6,13.42
224,inuvik,40,CA,1517349600,68,68.36,-133.71,-13.01,3.36
225,zhongshu,92,CN,1517354863,84,24.52,103.77,27.26,7.16
226,henties bay,92,NA,1517354864,99,-22.12,14.28,63.22,7.05
227,atar,0,MR,1517354806,38,20.52,-13.05,48.91,7.72
228,verkhnyaya toyma,80,RU,1517354865,80,62.24,45.0,19.39,7.83
229,la asuncion,44,EC,1517354866,80,-1.64,-78.74,50.98,0.89
230,brunico,75,IT,1517352600,91,46.8,11.94,33.8,5.82
231,colares,0,PT,1517353200,58,38.8,-9.45,55.4,11.41
232,yumaguzino,0,RU,1517354872,49,52.9,56.39,-8.92,5.7
233,punta alta,0,AR,1517353200,42,-27.46,-55.82,86.0,5.82
234,lasa,20,CY,1517353200,87,34.92,32.53,48.2,9.17
235,dingle,0,PH,1517354880,76,11.0,122.67,77.8,12.64
236,gawler,75,AU,1517351400,51,-34.6,138.75,62.6,16.11
237,lumeje,88,AO,1517354882,97,-11.56,20.78,66.23,4.81
238,north bend,20,US,1517354100,62,43.41,-124.22,51.8,5.82
239,male,80,UA,1517354884,87,50.74,33.7,30.14,26.06
240,kaitangata,0,NZ,1517354884,39,-46.28,169.85,83.24,14.43
241,kununurra,90,AU,1517353200,88,-15.77,128.74,80.6,8.05
242,cayenne,75,GF,1517353200,78,4.94,-52.33,80.6,8.05
243,tiarei,40,PF,1517353200,58,-17.53,-149.33,87.8,8.05
244,sidi ali,20,DZ,1517354886,77,36.1,0.42,45.71,4.92
245,bethel,1,US,1517352780,84,60.79,-161.76,8.6,25.28
246,martapura,80,ID,1517351400,94,-3.41,114.85,73.4,5.82
247,summerside,90,CA,1517349600,92,46.39,-63.79,23.0,41.38
248,kirakira,76,SB,1517354891,100,-10.46,161.92,80.32,17.0
249,ust-nera,68,RU,1517354891,70,64.57,143.24,-0.91,3.13
250,ugoofaaru,48,MV,1517354894,100,5.67,73.0,80.68,6.38
251,paharpur,24,PK,1517354894,86,32.1,70.97,44.18,2.46
252,le pont-de-claix,90,FR,1517353200,80,45.12,5.7,42.8,3.36
253,sechura,0,PE,1517354896,72,-5.56,-80.82,75.73,12.97
254,provideniya,0,RU,1517353200,63,64.42,-173.23,28.4,2.24
255,airai,92,TL,1517354898,94,-8.93,125.41,70.6,2.35
256,valparaiso,1,US,1517352960,54,41.47,-87.06,30.2,8.05
257,cabo san lucas,90,MX,1517352720,39,22.89,-109.91,84.2,6.93
258,sao jose da coroa grande,100,BR,1517354903,91,-8.9,-35.15,77.71,8.72
259,vila velha,20,BR,1517353200,74,-3.71,-38.6,82.4,10.29
260,ahipara,80,NZ,1517354906,75,-35.17,173.16,75.23,21.7
261,hofn,40,IS,1517349000,63,64.25,-15.21,30.2,12.75
262,margate,40,AU,1517351400,58,-43.03,147.26,53.6,16.11
263,lorengau,48,PG,1517354911,100,-2.02,147.27,82.88,10.74
264,yantzaza,56,EC,1517354946,78,-3.83,-78.76,68.66,1.68
265,twentynine palms,40,US,1517352960,11,34.14,-116.05,86.0,3.36
266,san patricio,0,PY,1517354949,54,-26.98,-56.83,78.52,5.37
267,sapa,40,PH,1517349600,94,14.32,120.76,77.0,10.29
268,leh,76,IN,1517354950,52,34.16,77.58,-3.3,1.79
269,musiri,0,IN,1517351400,77,10.95,78.44,69.8,7.16
270,santiago de cao,20,PE,1517353200,83,-7.96,-79.24,69.8,11.41
271,mount isa,0,AU,1517351400,55,-20.73,139.49,87.8,11.41
272,harbour breton,92,CA,1517354953,80,47.48,-55.8,43.15,34.11
273,lewisville,75,US,1517354100,20,33.05,-96.99,64.4,20.8
274,cockburn town,12,TC,1517354660,99,21.46,-71.14,78.11,6.82
275,kiunga,8,PG,1517354954,75,-6.12,141.3,84.19,0.67
276,kollam,20,IN,1517351400,88,8.88,76.6,77.0,2.24
277,antofagasta,0,CL,1517353200,77,-23.65,-70.4,66.2,13.87
278,guna,0,IN,1517354956,75,24.65,77.32,49.36,6.26
279,dubbo,40,AU,1517351400,83,-32.25,148.6,69.8,8.05
280,kenora,76,CA,1517354100,85,49.76,-94.48,15.8,20.8
281,hamina,90,FI,1517352600,92,60.57,27.2,17.6,4.7
282,kargasok,32,RU,1517354960,78,59.06,80.87,5.17,6.71
283,itoigawa,56,JP,1517354961,100,37.02,137.87,40.04,17.78
284,grindavik,75,IS,1517353200,100,63.84,-22.43,32.0,9.17
285,kuching,75,MY,1517351400,100,1.56,110.34,75.2,1.12
286,kodiak,1,US,1517352780,36,39.95,-94.76,46.4,20.8
287,olinda,90,EC,1517353200,66,-2.03,-79.75,84.2,4.7
288,fredericton,90,CA,1517351880,78,45.97,-66.65,14.0,17.22
289,general pico,8,AR,1517354969,45,-35.66,-63.75,76.81,6.26
290,westport,92,IE,1517354969,93,53.8,-9.52,45.13,22.93
291,tatarsk,0,RU,1517354970,44,55.22,75.96,-14.46,4.7
292,mbandaka,36,CD,1517354970,79,0.05,18.26,78.61,1.57
293,fort nelson,90,CA,1517353200,70,58.81,-122.69,-5.81,4.7
294,shakiso,0,ET,1517354973,66,5.77,38.9,50.44,2.91
295,sibolga,76,ID,1517354974,100,1.74,98.78,68.21,2.01
296,dalbandin,88,PK,1517354974,68,28.9,64.41,55.75,11.74
297,vermilion,75,CA,1517353200,78,53.35,-110.85,8.6,12.75
298,asbury park,40,US,1517352900,30,33.46,-86.74,46.4,6.93
299,severo-kurilsk,20,RU,1517354977,100,50.68,156.12,23.71,3.58
300,znamenskoye,0,RU,1517354977,44,57.13,73.82,-14.01,2.91
301,havre-saint-pierre,90,CA,1517349600,50,50.23,-63.6,8.6,19.46
302,zakamensk,56,RU,1517354979,58,50.38,103.29,-9.42,2.57
303,noormarkku,36,FI,1517352600,92,61.59,21.87,19.4,1.68
304,voh,44,NC,1517354980,100,-20.95,164.69,79.64,11.63
305,campbell river,75,CA,1517353200,70,50.02,-125.24,48.2,4.7
306,hokitika,92,NZ,1517354981,98,-42.72,170.96,68.84,11.41
307,lhokseumawe,56,ID,1517354981,100,5.18,97.15,80.95,4.81
308,tual,64,ID,1517354982,100,-5.67,132.75,81.49,10.96
309,yumen,0,CN,1517354982,59,40.29,97.04,-1.59,14.2
310,mehamn,20,NO,1517350800,73,71.03,27.85,23.0,13.87
311,ancud,8,CL,1517354983,72,-41.87,-73.83,54.31,4.92
312,estelle,75,US,1517354100,20,32.87,-97.01,64.4,20.8
313,ryotsu,90,JP,1517354220,100,38.08,138.43,32.0,9.17
314,inhambane,0,MZ,1517354985,99,-23.87,35.38,76.09,9.73
315,san carlos de bariloche,0,AR,1517353200,42,-41.13,-71.31,57.2,23.04
316,cidreira,76,BR,1517354986,82,-30.17,-50.22,73.34,14.54
317,terrace bay,90,CA,1517349600,78,48.78,-87.1,10.4,6.93
318,imbituba,40,BR,1517353200,88,-28.24,-48.67,73.4,8.05
319,pyay,0,MM,1517354988,89,18.82,95.22,50.48,2.24
320,okato,12,NZ,1517354988,90,-39.19,173.88,71.36,18.01
321,lerwick,92,GB,1517352600,87,60.15,-1.15,44.6,26.4
322,kennett,40,US,1517352960,51,36.24,-90.06,37.4,5.03
323,nome,1,US,1517354100,28,30.04,-94.42,59.0,4.7
324,caravelas,36,BR,1517354991,99,-17.73,-39.27,81.58,24.94
325,grand gaube,40,MU,1517353200,83,-20.01,57.66,80.6,5.82
326,nanortalik,0,GL,1517354992,98,60.14,-45.24,25.46,31.76
327,portland,90,US,1517354220,70,45.52,-122.67,50.0,3.8
328,funadhoo,64,MV,1517354994,100,6.15,73.27,81.58,5.14
329,smithers,90,CA,1517353200,80,54.78,-127.17,33.8,5.82
330,la ronge,90,CA,1517349600,70,55.1,-105.3,-0.41,10.29
331,luderitz,12,NA,1517353200,88,-26.65,15.16,66.2,13.87
332,wellington,20,NZ,1517351400,69,-41.29,174.78,75.2,18.34
333,shellbrook,75,CA,1517349600,65,53.22,-106.39,6.8,19.46
334,sungairaya,20,ID,1517354997,93,0.7,108.9,76.13,4.14
335,ati,0,TD,1517354998,25,13.21,18.34,63.26,13.2
336,husavik,68,CA,1517354998,84,50.56,-96.99,24.43,20.69
337,saint-denis,90,FR,1517353200,93,48.94,2.36,50.0,10.29
338,usinsk,68,RU,1517355000,88,66.0,57.56,11.74,8.39
339,conceicao da barra,68,BR,1517355001,84,-18.59,-39.73,81.76,19.8
340,samarai,8,PG,1517355001,93,-10.62,150.67,85.9,20.02
341,millau,90,FR,1517353200,93,44.1,3.08,41.0,2.24
342,vestmannaeyjar,80,IS,1517355007,100,63.44,-20.27,32.17,11.63
343,mao,20,DO,1517353200,65,19.55,-71.08,80.6,4.7
344,marovoay,40,MG,1517353200,88,-16.11,46.64,77.0,5.59
345,sheridan,75,US,1517353080,20,39.65,-105.03,66.2,12.86
346,rawson,0,AR,1517355011,19,-43.3,-65.11,67.04,21.25
347,santa maria,20,BR,1517349600,61,-29.69,-53.81,80.6,9.17
348,abu samrah,0,SY,1517355014,94,35.3,37.18,37.34,4.03
349,ritchie,8,ZA,1517353200,72,-29.03,24.6,64.4,12.75
350,sinnamary,92,GF,1517355015,97,5.38,-52.96,79.24,11.97
351,beberibe,20,BR,1517353200,74,-4.18,-38.13,82.4,10.29
352,codrington,0,AU,1517355016,80,-28.95,153.24,81.31,3.69
353,jaisalmer,12,IN,1517355018,92,26.91,70.91,51.7,4.03
354,mwene-ditu,8,CD,1517355019,95,-7.01,23.45,66.28,3.02
355,kavieng,92,PG,1517355020,100,-2.57,150.8,85.58,9.17
356,kangaatsiaq,76,GL,1517355020,100,68.31,-53.46,11.51,5.82
357,ballina,92,IE,1517355021,93,54.11,-9.15,44.68,19.8
358,batagay-alyta,44,RU,1517355022,51,67.8,130.41,-32.01,2.8
359,saint george,0,GR,1517352600,75,39.45,22.34,42.8,6.93
360,moindou,44,NC,1517353200,88,-21.69,165.68,78.8,8.05
361,arman,90,RU,1517353200,100,59.7,150.17,28.4,8.95
362,santa isabel do rio negro,12,BR,1517355024,55,-0.41,-65.02,86.93,5.59
363,calama,0,CL,1517353200,34,-22.46,-68.93,68.0,21.92
364,sooke,90,CA,1517354340,80,48.37,-123.73,42.8,10.29
365,marsa matruh,40,EG,1517349600,81,31.35,27.25,53.6,8.05
366,aqtobe,0,KZ,1517353200,64,50.28,57.21,-0.41,4.47
367,bitkine,0,TD,1517355026,35,11.98,18.21,62.36,10.07
368,kitimat,90,CA,1517354220,87,54.02,-128.69,32.0,9.17
369,erenhot,0,CN,1517355028,55,43.65,111.97,-7.21,9.73
370,bagua grande,0,PE,1517355029,87,-5.75,-78.44,65.06,1.68
371,nalut,0,LY,1517355030,88,31.86,10.98,39.01,3.13
372,jiaocheng,92,CN,1517355030,98,24.68,116.14,39.19,2.68
373,santa cruz,1,US,1517352960,33,36.97,-122.03,73.4,4.7
374,mount gambier,92,AU,1517355033,66,-37.83,140.78,61.78,8.28
375,halkirk,80,CA,1517355034,80,52.28,-112.15,13.36,4.25
376,lensk,64,RU,1517355034,66,60.71,114.91,-1.23,7.16
377,port hedland,90,AU,1517351400,83,-20.31,118.58,69.8,11.41
378,paita,75,PE,1517353200,65,-5.09,-81.11,77.0,17.22
379,antalaha,0,MG,1517355036,94,-14.9,50.28,76.0,3.02
380,aguimes,75,ES,1517353200,72,27.91,-15.45,59.0,13.87
381,alcudia,20,ES,1517353200,100,39.85,3.12,44.6,3.36
382,soe,76,EE,1517352600,79,57.91,26.05,24.8,6.93
383,waddan,0,LY,1517355038,88,29.16,16.14,36.04,4.36
384,yarmouth,75,GB,1517352600,93,50.71,-1.5,50.0,11.41
385,sabha,64,LY,1517355040,61,27.03,14.43,50.44,9.51
386,teseney,0,ER,1517355041,59,15.11,36.66,58.76,6.38
387,carutapera,36,BR,1517355041,91,-1.2,-46.02,78.07,7.27
388,pavlovskiy,0,RU,1517353200,80,45.07,37.77,39.2,6.71
389,shieli,20,KZ,1517355042,57,44.18,66.74,-5.77,3.13
390,iskateley,64,RU,1517355043,85,67.68,53.15,9.26,7.38
391,general roca,0,AR,1517349600,21,-39.03,-67.58,84.2,11.41
392,zhigansk,32,RU,1517355043,79,66.77,123.37,-38.26,4.81
393,vao,76,EE,1517355044,89,59.1,26.19,20.69,4.03
394,seoul,1,KR,1517352960,100,37.57,126.98,28.4,3.02
395,nchelenge,92,ZM,1517355045,100,-9.35,28.74,67.72,4.36
396,banda aceh,48,ID,1517355046,100,5.56,95.32,74.02,1.9
397,kedrovyy,40,RU,1517353200,71,56.17,91.82,5.0,13.42
398,tsiroanomandidy,48,MG,1517355048,99,-18.77,46.05,64.93,3.13
399,lubao,75,PH,1517353200,78,14.94,120.6,77.0,3.36
400,port lincoln,92,AU,1517355049,86,-34.72,135.86,65.56,20.8
401,bin qirdan,0,TN,1517355025,91,33.14,11.22,46.75,4.59
402,jasper,1,US,1517352960,33,33.83,-87.28,46.4,3.47
403,takoradi,0,GH,1517355051,100,4.89,-1.75,79.01,6.15
404,mozarlandia,76,BR,1517355051,94,-14.74,-50.57,70.51,6.49
405,port macquarie,90,AU,1517353200,94,-31.43,152.91,69.8,13.87
406,goderich,68,CA,1517355053,81,43.74,-81.71,17.99,6.38
407,uyuni,92,BO,1517355055,97,-20.46,-66.82,46.57,2.35
408,harper,1,US,1517354100,28,30.3,-99.24,62.6,10.29
409,aleksandrovka,0,RU,1517355056,88,46.65,38.4,30.73,18.68
410,pisco,0,PE,1517353200,69,-13.71,-76.2,75.2,23.04
411,the valley,20,AI,1517353200,60,18.22,-63.06,75.2,6.93
412,bodden town,90,KY,1517353200,78,19.28,-81.25,77.0,16.11
413,venice,0,US,1517352900,67,27.1,-82.45,60.8,14.99
414,solnechnyy,0,RU,1517355060,59,50.72,136.64,-20.76,3.58
415,marawi,24,PH,1517355061,85,8.0,124.29,71.36,2.91
416,letterkenny,76,IE,1517355062,98,54.95,-7.73,44.68,27.63
417,ossora,88,RU,1517355063,95,59.24,163.07,32.48,16.78
418,pandharpur,0,IN,1517355063,53,17.68,75.33,54.85,2.8
419,kapan,8,AM,1517355064,60,39.21,46.4,-2.31,1.68
420,komsomolskiy,68,RU,1517355065,86,67.55,63.78,8.63,5.7
421,beisfjord,0,NO,1517352600,58,68.38,17.6,24.8,9.17
422,parauna,12,ID,1517355066,87,-3.82,122.09,73.48,2.35
423,rosarito,40,CO,1517353200,73,4.91,-75.23,78.8,4.7
424,pauini,36,BR,1517355067,93,-7.71,-67.0,77.84,1.45
425,bilma,20,NE,1517355067,71,18.69,12.92,49.9,3.02
426,bandarbeyla,88,SO,1517355069,100,9.49,50.81,74.2,20.02
427,mayo,40,CA,1517349600,75,63.59,-135.9,-14.81,2.8
428,felsberg,0,DE,1517352600,97,51.14,9.42,33.8,5.82
429,byron bay,8,AU,1517351400,61,-28.65,153.62,82.4,4.7
430,luanda,20,AO,1517353200,78,-8.83,13.24,80.6,8.05
431,santa isabel,75,CO,1517349600,78,4.71,-75.1,78.8,4.7
432,kingston,90,CA,1517352960,92,44.23,-76.48,15.8,5.82
433,copiapo,75,CL,1517353200,72,-27.37,-70.33,62.6,13.87
434,volkhovskiy,76,RU,1517355074,75,58.58,31.32,18.26,8.95
435,gurupi,64,BR,1517355075,95,-11.73,-49.07,74.29,2.8
436,rodrigues alves,40,BR,1517353200,74,-7.74,-72.65,82.4,2.24
437,tignere,12,CM,1517355076,64,7.37,12.65,55.21,5.37
438,progreso,0,UY,1517353200,69,-34.68,-56.22,86.0,9.17
439,gorontalo,24,ID,1517355078,85,0.54,123.06,77.98,2.35
440,morro bay,1,US,1517352960,22,35.37,-120.85,78.8,5.82
441,green river,1,US,1517352840,31,41.53,-109.47,46.4,31.09
442,fairbanks,20,US,1517353080,75,64.84,-147.72,-13.01,4.7
443,changping,0,CN,1517353200,27,40.22,116.23,26.6,6.71
444,iqaluit,40,CA,1517349600,75,63.75,-68.52,-14.81,5.82
445,matara,80,PE,1517355083,77,-13.74,-72.9,49.99,1.45
446,uruacu,76,BR,1517355084,96,-14.52,-49.14,70.78,2.35
447,severodvinsk,40,RU,1517353200,91,64.56,39.82,3.2,6.71
448,cabedelo,20,BR,1517353200,74,-6.97,-34.84,80.6,6.93
449,inongo,88,CD,1517355086,82,-1.93,18.29,76.72,2.68
450,darnah,8,LY,1517355087,100,32.77,22.64,59.98,15.43
451,vitim,36,RU,1517355087,80,59.44,112.57,-5.28,3.58
452,brawley,1,US,1517352960,20,32.98,-115.53,80.6,2.68
453,clyde river,1,CA,1517353200,65,70.47,-68.59,-36.41,3.36
454,high level,90,CA,1517354460,70,58.52,-117.13,-5.81,8.05
455,beringovskiy,48,RU,1517355089,100,63.05,179.32,18.4,5.59
456,talcahuano,0,CL,1517353200,46,-36.72,-73.12,69.8,16.11
457,tuatapere,92,NZ,1517355090,68,-46.13,167.69,71.05,22.7
458,itatskiy,12,RU,1517355091,72,56.07,89.04,-2.26,10.4
459,nyurba,56,RU,1517355091,33,63.29,118.35,-22.92,3.69
460,harenkarspel,90,NL,1517352900,93,52.73,4.78,44.6,10.29
461,waseca,1,US,1517354100,68,44.08,-93.51,28.4,18.34
462,fukue,20,JP,1517353200,64,35.03,136.69,37.4,17.22
463,east london,88,ZA,1517355059,100,-33.02,27.91,72.89,22.93
464,yeppoon,0,AU,1517351400,58,-23.13,150.74,82.4,5.82
465,gadsden,1,US,1517352960,38,34.01,-86.01,44.6,5.82
466,paredon,92,BO,1517355096,89,-18.93,-65.16,54.76,2.68
467,mattru,0,SL,1517355098,72,7.62,-11.83,79.19,7.16
468,puerto lleras,40,CO,1517353200,65,8.16,-72.46,82.4,6.93
469,jurm,32,AF,1517355099,78,36.86,70.83,7.19,1.79
470,mangrol,0,IN,1517355099,82,25.33,76.51,49.09,3.69
471,isangel,36,VU,1517355100,99,-19.55,169.27,82.03,8.84
472,trinidad,12,UY,1517355101,47,-33.52,-56.9,75.19,6.93
473,kattivakkam,0,IN,1517353200,88,13.22,80.32,69.8,7.16
474,charyshskoye,0,RU,1517355102,61,51.4,83.56,-13.65,2.57
475,tazovskiy,44,RU,1517355103,73,67.47,78.7,0.89,13.42
476,hutchinson,1,US,1517352960,30,38.06,-97.93,55.4,19.46
477,noumea,0,NC,1517353200,88,-22.28,166.46,78.8,8.05
478,brooks,8,CA,1517355105,88,50.57,-111.89,24.07,2.91
479,boende,24,CD,1517355105,86,-0.28,20.88,76.18,2.13
480,bandundu,48,CD,1517355105,85,-3.32,17.38,77.44,2.35
481,iguatemi,24,BR,1517355106,92,-23.67,-54.56,76.09,3.24
482,mishkino,75,RU,1517353200,66,56.22,46.62,10.4,20.13
483,mildura,68,AU,1517355108,51,-34.18,142.16,65.2,18.68
484,necochea,0,AR,1517355108,70,-38.55,-58.74,69.56,18.57
485,bombay,75,US,1517352780,72,44.94,-74.57,15.8,6.93
486,san quintin,75,PH,1517353200,93,17.54,120.52,66.2,2.24
487,alice springs,24,AU,1517351400,83,-23.7,133.88,71.6,8.05
488,panama city,1,US,1517352960,34,30.16,-85.65,53.6,3.36
489,rocha,0,UY,1517355113,57,-34.48,-54.34,74.65,9.73
490,axim,0,GH,1517355113,97,4.87,-2.24,80.68,8.16
491,maldonado,20,UY,1517353200,69,-34.91,-54.96,78.8,5.82
492,kuala terengganu,75,MY,1517349600,100,5.33,103.14,75.2,1.12
493,kailua,20,US,1517353020,54,21.39,-157.74,80.6,13.87
494,vaitape,68,PF,1517355115,100,-16.52,-151.75,78.25,2.91
495,meleuz,0,RU,1517355115,46,52.96,55.93,-7.66,6.6
496,tara,75,JP,1517353200,86,33.0,130.15,33.8,5.82
497,auki,0,NG,1517355116,33,12.18,6.51,59.21,9.4
498,taoudenni,0,ML,1517355117,92,22.68,-3.98,58.58,8.39
499,saint-pierre,90,FR,1517353200,93,48.95,4.24,48.2,18.34
500,doka,0,SD,1517355119,42,13.52,35.76,64.3,9.73
501,klobuck,90,PL,1517353200,69,50.9,18.94,35.6,8.05
502,nattam,0,IN,1517353200,88,12.7,79.97,69.8,4.03
503,baghramyan,20,AM,1517353200,68,40.19,43.86,30.2,2.24
504,pirgos,0,GR,1517352600,87,35.12,25.72,48.2,6.93
505,seymchan,92,RU,1517355122,77,62.93,152.39,21.14,4.92
506,sungaipenuh,12,ID,1517355124,80,-2.08,101.38,64.43,1.45
507,lata,36,IN,1517355124,91,30.78,78.62,23.21,1.45
508,zhuhai,0,CN,1517353200,63,40.71,112.04,-9.41,4.47
509,sukumo,64,JP,1517355125,92,32.94,132.72,38.92,7.05
510,berlevag,32,NO,1517355126,100,70.86,29.09,4.27,6.93
511,tessalit,20,ML,1517355126,36,20.2,1.01,64.39,10.74
512,stefanesti,0,RO,1517355128,65,44.87,24.93,19.61,3.13
513,seaforth,0,AU,1517351400,69,-20.9,148.96,82.4,3.36
514,tura,0,IN,1517355129,77,25.52,90.21,45.76,2.46
515,avera,1,US,1517352900,31,33.19,-82.53,46.4,5.82
516,oktyabrskoye,56,RU,1517355131,80,56.73,85.44,1.93,6.71
517,kasongo-lunda,12,CD,1517355131,98,-6.48,16.82,70.33,1.9
518,daugai,90,LT,1517352600,92,54.36,24.35,33.8,12.75
519,russellville,1,US,1517352780,31,35.28,-93.13,46.4,6.93
520,skjervoy,0,NO,1517355133,100,70.03,20.97,22.72,9.73
521,ingham,32,AU,1517355133,99,-18.65,146.16,80.41,3.13
522,tiznit,0,MA,1517355134,99,29.7,-9.73,46.39,4.36
523,dudinka,76,RU,1517355134,82,69.41,86.18,8.05,8.84
524,micheweni,8,TZ,1517355135,100,-4.97,39.83,79.91,11.18
525,qaqortoq,0,GL,1517352600,68,60.72,-46.03,24.8,5.82
526,minot,1,US,1517352960,64,48.23,-101.3,37.4,27.51
527,port augusta,92,AU,1517353200,59,-32.49,137.76,62.6,17.22
528,rajkot,0,IN,1517354841,78,22.3,70.8,53.99,2.91
529,bolkhov,88,RU,1517355137,97,53.44,36.0,30.68,9.17
530,kletskaya,92,RU,1517355138,98,49.31,43.06,33.43,12.53
531,mandello del lario,90,IT,1517352600,93,45.92,9.32,44.6,2.24
532,shimorskoye,92,RU,1517355139,85,55.33,42.04,29.74,18.9
533,guerrero negro,0,MX,1517355140,27,27.97,-114.04,79.19,8.72
534,biloli,0,IN,1517355140,75,18.77,77.72,49.94,2.91
535,san mateo,75,US,1517352960,55,37.54,-122.31,69.8,4.7
536,obligado,0,PY,1517353200,42,-27.06,-55.63,86.0,5.82
537,ngunguru,92,NZ,1517355142,92,-35.62,174.5,72.13,23.04
538,plouzane,90,FR,1517353200,100,48.38,-4.62,50.0,16.11
539,yakima,1,US,1517352780,29,46.6,-120.51,51.8,16.11
540,san juan nepomuceno,8,PY,1517355143,37,-26.11,-55.94,83.69,3.58
541,turukhansk,56,RU,1517355144,72,65.8,87.96,3.91,6.93
542,meulaboh,8,ID,1517355144,100,4.14,96.13,77.08,5.03
543,doha,0,QA,1517353200,47,25.29,51.53,59.0,4.7
544,anito,12,PH,1517355145,99,12.45,125.29,81.26,14.65
545,vanimo,88,PG,1517355024,100,-2.67,141.3,84.46,19.35
546,ashland,1,US,1517354100,45,38.48,-82.64,26.6,5.82
547,inirida,0,CO,1517355147,70,3.87,-67.92,81.31,1.23
548,eyl,0,SO,1517355147,100,7.98,49.82,71.23,18.01
549,kamenka,92,RU,1517355148,90,53.19,44.05,24.83,24.05
550,talnakh,76,RU,1517355148,89,69.49,88.39,3.91,11.63
551,yerkoy,0,TR,1517355149,63,39.64,34.47,15.07,2.8
552,colborne,20,CA,1517349600,61,44.01,-77.89,15.8,11.41
553,seddon,48,NZ,1517355150,77,-41.67,174.07,72.26,11.3
554,lobva,8,RU,1517355151,52,59.19,60.52,16.19,7.05
555,te anau,88,NZ,1517355151,47,-45.41,167.72,72.31,20.24
556,ketchikan,90,US,1517352960,75,55.34,-131.65,42.8,4.7
557,prado,64,BR,1517355153,92,-17.34,-39.22,81.31,24.61
558,wajima,40,JP,1517353200,92,37.4,136.9,30.2,5.82
559,cihuatlan,90,MX,1517352660,69,19.24,-104.57,80.6,11.41
560,tyrma,32,RU,1517355154,30,50.04,132.17,-21.61,3.36
561,gimbi,64,ET,1517355155,94,8.81,37.79,49.72,2.57
562,sept-iles,90,CA,1517353200,50,50.2,-66.38,5.0,11.41
563,brigantine,90,US,1517353920,92,39.41,-74.36,30.2,16.11
